"id","nome"
1,"João Silva"
2,"Maria Santos"
3,"Pedro Oliveira"
4,"Ana Costa"
5,"Carlos Pereira"
6,"Fernanda Martins"
7,"Ricardo Ferreira"
8,"Juliana Almeida"
9,"André Souza"
10,"Camila Rodrigues"
11,"Marcelo Lima"
12,"Bruna Carvalho"
13,"Lucas Cardoso"
14,"Larissa Oliveira"
15,"Guilherme Santos"
16,"Amanda Pereira"
17,"Gabriel Silva"
18,"Isabela Costa"
19,"Rafael Martins"
20,"Larissa Gonçalves"
21,"Tiago Mendes"
22,"Beatriz Almeida"
23,"Eduardo Rodrigues"
24,"Natália Ferreira"
25,"Bruno Gonçalves"
26,"Patrícia Souza"
27,"Leonardo Carvalho"
28,"Laura Santos"
29,"Vinícius Oliveira"
30,"Raquel Martins"
31,"Gustavo Pereira"
32,"Vanessa Silva"
33,"Rodrigo Costa"
34,"Luana Lima"
35,"Matheus Carvalho"
36,"Jéssica Almeida"
37,"Diego Rodrigues"
38,"Amanda Ferreira"
39,"Fernando Gonçalves"
